StockfishMove,StockfishCPL,AlphaZeroMove,AlphaZeroProb
e7e6,-20,g8f6,0.2311085
c7c5,-62,h5h4,0.225313
d7d5,-146,f7f6,0.1216615
d7d6,-167,c7c6,0.1123264
h5h4,-207,a6a5,0.1113122
f7f6,-438,d7d5,0.0406819
a6a5,-602,d7d6,0.035935
c7c6,-656,e7e6,0.0331177
g8f6,-833,a8b8,0.024399
a8b8,-1056,c7c5,0.0234607
c8b7,-1207,c8b7,0.0216392
g8h6,-999986,g8h6,0.019045
